대분류,성별,계절,브랜드명,상품명,이미지링크
하의,남성,여름,9999아카이브,Linking Wide Denim Pants,https://image.msscdn.net/thumbnails/images/goods_img/20250212/4782512/4782512_17398703766040_big.jpg?w=780
하의,남성,여름,브렌슨,(Renew Ver.) 원턱 와이드 스웨트 팬츠 ( 5Color ) ( 기모선택 ),https://image.msscdn.net/thumbnails/images/goods_img/20210315/1844582/1844582_17276694137830_big.jpg?w=780
하의,남성,여름,언라이크룩,베른 와이드 밴딩 슬랙스(dark brown)_M,https://image.msscdn.net/thumbnails/images/goods_img/20220315/2419276/2419276_1_big.jpg?w=780
하의,남성,여름,트릴리온,92 그래픽 파라슈트 벌룬핏 데님 팬츠 [샌드 블루],https://image.msscdn.net/thumbnails/images/goods_img/20250204/4757532/4757532_17389100951526_big.jpg?w=780
하의,남성,여름,비얼디드키드,코튼 대디 팬츠 베이지,https://image.msscdn.net/thumbnails/images/goods_img/20230801/3437542/3437542_17083085405658_big.jpg?w=780
하의,남성,여름,디미트리블랙,ASI 에센셜 원턱 와이드 데님 팬츠_더스트 인디고,https://image.msscdn.net/thumbnails/images/goods_img/20240801/4288947/4288947_17240932160765_big.jpg?w=780
하의,남성,여름,누빈다,파라슈트 카고 와이드 팬츠 [브라운],https://image.msscdn.net/thumbnails/images/goods_img/20240828/4380080/4380080_17393388675111_big.jpg?w=780
하의,남성,여름,디더블유에스 컴퍼니,커브드 포켓 데님 와이드 팬츠(블루),https://image.msscdn.net/thumbnails/images/goods_img/20250110/4711454/4711454_17365019346074_big.jpg?w=780
하의,남성,여름,언아웃핏,컴포터블 투턱 와이드 치노팬츠 6 COLOR,https://image.msscdn.net/thumbnails/images/goods_img/20220406/2470098/2470098_16934557795825_big.jpg?w=780
하의,남성,여름,마카사이트,더블니 카펜터 데님 팬츠 크림,https://image.msscdn.net/thumbnails/images/goods_img/20240815/4334135/4334135_17249149983546_big.jpg?w=780
하의,남성,여름,필루미네이트,핀 턱 테이핑 트레이닝 팬츠-브라운,https://image.msscdn.net/thumbnails/images/goods_img/20241020/4536873/4536873_17319855639648_big.jpg?w=780
하의,남성,여름,리메인세컨드,빈티지 캣워싱 와이드 데님 팬츠 [옐로우 워싱],https://image.msscdn.net/thumbnails/images/goods_img/20240725/4274049/4274049_17255031720695_big.jpg?w=780
하의,남성,여름,트릴리온,에센셜 와이드 코튼 밴딩 치노 팬츠 (BLACK),https://image.msscdn.net/thumbnails/images/goods_img/20240122/3813575/3813575_17073735019538_big.jpg?w=780
하의,남성,여름,누디진,그림팀 Dry Ecru Embo 113506,https://image.msscdn.net/thumbnails/images/goods_img/20240517/4138391/4138391_17159321358690_big.jpg?w=780
하의,남성,여름,트릴리온,에센셜 세미 와이드 슬랙스 (BROWN),https://image.msscdn.net/thumbnails/images/goods_img/20231023/3650953/3650953_17170489297941_big.jpg?w=780
하의,남성,여름,토피,카펜터 퍼티그 워크 코튼 팬츠 (SAND GREY),https://image.msscdn.net/thumbnails/images/goods_img/20240812/4319523/4319523_17242056584363_big.jpg?w=780
하의,남성,여름,투에프로우,[2PACK] 코튼 와이드 트랙 팬츠 - 3컬러,https://image.msscdn.net/thumbnails/images/goods_img/20231005/3603600/3603600_17252392995654_big.jpg?w=780
하의,남성,여름,무신사 스탠다드,시티 레저 와이드 벨티드 카고 팬츠 [블랙],https://image.msscdn.net/thumbnails/images/goods_img/20230712/3404707/3404707_17134032325426_big.jpg?w=780
하의,남성,여름,엔피스튜디오,파라슈트 카고 스트링 코튼 팬츠 3COLOR,https://image.msscdn.net/thumbnails/images/goods_img/20231226/3767189/3767189_17156740375570_big.jpg?w=780
하의,남성,여름,필루미네이트,핀 턱 테이핑 트레이닝 팬츠-블랙,https://image.msscdn.net/thumbnails/images/goods_img/20240722/4266754/4266754_17249301609248_big.jpg?w=780
하의,남성,여름,블랙모먼트,유틸리티 다트 나일론 사이드 집업 밴딩 팬츠,https://image.msscdn.net/thumbnails/images/goods_img/20240123/3814089/3814089_17059701135581_big.jpg?w=780
하의,남성,여름,무신사 스탠다드,코튼 딥 턱 와이드 밴딩 팬츠 [바로크 브라운],https://image.msscdn.net/thumbnails/images/goods_img/20231215/3758189/3758189_17067716851660_big.jpg?w=780
하의,남성,여름,구빈,핀턱 와이드 데님팬츠,https://image.msscdn.net/thumbnails/images/goods_img/20231011/3616324/3616324_17056485645463_big.jpg?w=780
하의,남성,여름,바운더리,원턱 백 포인트 패치 스웨트 팬츠 [브라운],https://image.msscdn.net/thumbnails/images/goods_img/20250120/4730016/4730016_17387306480303_big.jpg?w=780
하의,남성,여름,피인오,9130  원턱 세미와이드 슬랙스-먹색,https://image.msscdn.net/thumbnails/images/goods_img/20240924/4459996/4459996_17273284204032_big.jpg?w=780
하의,남성,여름,아캄,Multi Studded Cotton Pants (Black),https://image.msscdn.net/thumbnails/images/goods_img/20240415/4053849/4053849_17175665647206_big.jpg?w=780
하의,남성,여름,필루미네이트,나일론 테이핑 쇼츠-와인,https://image.msscdn.net/thumbnails/images/goods_img/20240606/4180973/4180973_17186014585564_big.jpg?w=780
하의,남성,여름,무신사 스탠다드,시티 레저 NP 와이드 벨티드 카고 팬츠 [리프 베이지],https://image.msscdn.net/thumbnails/images/goods_img/20231215/3758353/3758353_17101198288669_big.jpg?w=780
하의,남성,여름,언탭트 스튜디오,빈티지 프론트 워싱 와이드 벌룬 데님 팬츠 3Color,https://image.msscdn.net/thumbnails/images/goods_img/20250204/4757347/4757347_17389245694198_big.jpg?w=780
하의,남성,여름,커스텀어클락,원 턱 와이드 코튼 팬츠_4 COLOR COOSPT199,https://image.msscdn.net/thumbnails/images/goods_img/20230208/3070232/3070232_16771208323399_big.jpg?w=780
하의,남성,여름,디미트리블랙,VLAD 워터프루프 와이드 카고 팬츠_블랙,https://image.msscdn.net/thumbnails/images/goods_img/20230125/3037465/3037465_17164412070548_big.png?w=780
하의,남성,여름,에러스익셉티드,DP214 스탠다드 데님팬츠 (Mid Blue),https://image.msscdn.net/thumbnails/images/goods_img/20220810/2710669/2710669_16956181542330_big.jpg?w=780
하의,남성,여름,지크립,2025 화이트 커브드 절개라인 와이드 코튼 팬츠,https://image.msscdn.net/thumbnails/images/goods_img/20250113/4716046/4716046_17367470558015_big.jpg?w=780
하의,남성,여름,엔피스튜디오,코튼 와이드 스웨트 팬츠 블랙,https://image.msscdn.net/thumbnails/images/goods_img/20230406/3212619/3212619_17067626085770_big.jpg?w=780
하의,남성,여름,토피,코튼 밴딩 와이드 팬츠 (KHAKI),https://image.msscdn.net/thumbnails/images/goods_img/20230224/3107265/3107265_16786965782861_big.jpg?w=780
하의,남성,여름,유니온스튜디오,스트링 와이드 스웨트 팬츠 ( 3Color ),https://image.msscdn.net/thumbnails/images/goods_img/20241008/4498316/4498316_17283725082128_big.jpg?w=780
하의,남성,여름,디미트리블랙,더블니 워크 팬츠_베이지,https://image.msscdn.net/thumbnails/images/goods_img/20240125/3823870/3823870_17171339061559_big.jpg?w=780
하의,남성,여름,트릴리온,에센셜 와이드 코튼 밴딩 치노 팬츠 (BEIGE),https://image.msscdn.net/thumbnails/images/goods_img/20240122/3813569/3813569_17073731728241_big.jpg?w=780
하의,남성,여름,토피,섬머 내츄럴 와이드 밴딩 슬랙스 (5 COLOURS),https://image.msscdn.net/thumbnails/images/goods_img/20240529/4163350/4163350_17169624361130_big.jpg?w=780
하의,남성,여름,무센트,[무료반품] 와이드 폴리 나일론 스트링 카고 롱 와이드 팬츠 남녀공용 (3컬러),https://image.msscdn.net/thumbnails/images/goods_img/20240313/3949286/3949286_17131655270999_big.jpg?w=780
하의,남성,여름,페이탈리즘,#0325 REMAKE 1970s REGULAR FIT - D/BLUE,https://image.msscdn.net/thumbnails/images/goods_img/20221026/2893289/2893289_16926808956786_big.jpg?w=780
하의,남성,여름,넌블랭크,세미 와이드 핏 슬랙스_DARK BROWN,https://image.msscdn.net/thumbnails/images/goods_img/20210901/2102593/2102593_17140682857341_big.jpg?w=780
하의,남성,여름,엘무드,빅보이 와이드 데님 블루블랙,https://image.msscdn.net/thumbnails/images/goods_img/20240729/4278871/4278871_17242044809215_big.jpg?w=780
하의,남성,여름,트립르센스,라이트 투턱 와이드 슬렉스 _퓨어 그레이,https://image.msscdn.net/thumbnails/images/goods_img/20200310/1343033/1343033_4_big.jpg?w=780
하의,남성,여름,딥센스,벌룬 와이드 포켓 밴딩  팬츠 D637 - 3COLOR,https://image.msscdn.net/thumbnails/images/goods_img/20241129/4643382/4643382_17345811494791_big.jpg?w=780
하의,남성,여름,엔피스튜디오,멀티 카고 코튼 와이드 카펜터 팬츠,https://image.msscdn.net/thumbnails/images/goods_img/20240701/4225694/4225694_17198241761631_big.jpg?w=780
하의,남성,여름,디미트리블랙,VLAD 원턱 트랙 스웻 팬츠_피그먼트 차콜,https://image.msscdn.net/thumbnails/images/goods_img/20250207/4768148/4768148_17395076962795_big.jpg?w=780
하의,남성,여름,커스텀어클락,커브드 밴딩 데님 팬츠 5 COLOR COOSPT237,https://image.msscdn.net/thumbnails/images/goods_img/20240123/3816988/3816988_17171271417251_big.jpg?w=780
하의,남성,여름,필립페이커,카펜터 기장이 긴 루즈핏 트레이닝 팬츠 블랙,https://image.msscdn.net/thumbnails/images/goods_img/20240705/4235710/4235710_17309837870052_big.jpg?w=780
하의,남성,여름,웨스트 그랜드 블러바드,드레인 와이드 워싱 데님 팬츠 DARK AMBER,https://image.msscdn.net/thumbnails/images/goods_img/20240809/4314741/4314741_17243991746171_big.jpg?w=780
하의,남성,여름,필루미네이트,심볼 로고 트레이닝 팬츠-버건디,https://image.msscdn.net/thumbnails/images/goods_img/20240123/3816292/3816292_17073057352641_big.jpg?w=780
하의,남성,여름,언탭트 스튜디오,이지 세미와이드 슬랙스 3Color,https://image.msscdn.net/thumbnails/images/goods_img/20240808/4308000/4308000_17261235549408_big.jpg?w=780
하의,남성,여름,트릴리온,워시드 바이커 와이드 데님 팬츠 (LIGHT GRAY),https://image.msscdn.net/thumbnails/images/goods_img/20231023/3650940/3650940_16995031497658_big.jpg?w=780
하의,남성,여름,마카사이트,더블니 카펜터 데님 팬츠 브라운,https://image.msscdn.net/thumbnails/images/goods_img/20250123/4741340/4741340_17399389722327_big.jpg?w=780
하의,남성,여름,트릴리온,사이드 턱 스냅 버튼 와이드 코튼 팬츠 (KHAKI),https://image.msscdn.net/thumbnails/images/goods_img/20240206/3851960/3851960_17080599095248_big.jpg?w=780
하의,남성,여름,낫포너드,Nylon Cargo Wide Pants - Light Grey,https://image.msscdn.net/thumbnails/images/goods_img/20210607/1985223/1985223_2_big.jpg?w=780
하의,남성,여름,엔피스튜디오,코튼 테이퍼드 와이드 밴딩 치노팬츠 4COLOR,https://image.msscdn.net/thumbnails/images/goods_img/20231226/3767268/3767268_17169532731269_big.jpg?w=780
하의,남성,여름,딥센스,워싱 벌룬 와이드 데님 D617 - 블루,https://image.msscdn.net/thumbnails/images/goods_img/20240819/4341023/4341023_17253477566446_big.jpg?w=780
하의,남성,여름,커넥트킨록,와이드 데님팬츠 (빈티지 블루),https://image.msscdn.net/thumbnails/images/goods_img/20240516/4135044/4135044_17187862203253_big.jpg?w=780
하의,남성,여름,트릴리온,사이드 턱 스냅 버튼 와이드 코튼 팬츠 (BEIGE),https://image.msscdn.net/thumbnails/images/goods_img/20240206/3851957/3851957_17080591271549_big.jpg?w=780
하의,남성,여름,언더오프,데일리 베이직 와이드 코튼 팬츠 브라운,https://image.msscdn.net/thumbnails/images/goods_img/20231215/3757687/3757687_17026156229630_big.jpg?w=780
하의,남성,여름,테이크이지,벌룬 와이드핏 데님팬츠 (인디고블루),https://image.msscdn.net/thumbnails/images/goods_img/20240910/4424040/4424040_17294933138406_big.jpg?w=780
하의,남성,여름,필루미네이트,나일론 투 턱 테이핑 팬츠-와인,https://image.msscdn.net/thumbnails/images/goods_img/20240112/3792017/3792017_17156618015225_big.jpg?w=780
하의,남성,여름,언탭트 스튜디오,투턱 10수 코튼 세미 와이드 치노 팬츠 면바지,https://image.msscdn.net/thumbnails/images/goods_img/20240207/3856851/3856851_17182645624855_big.jpg?w=780
하의,남성,여름,톤즈,[키링SET] VTG 와이드 데님팬츠-인디고,https://image.msscdn.net/thumbnails/images/goods_img/20240826/4372471/4372471_17253784554517_big.jpg?w=780
하의,남성,여름,트릴리온,레인 슬럽 투턱 버뮤다 데님 쇼츠 (INDIGO),https://image.msscdn.net/thumbnails/images/goods_img/20230419/3245228/3245228_16835272427086_big.jpg?w=780
하의,남성,여름,리메인세컨드,빈티지 워시드 와이드 카펜터 데님 밴딩 팬츠 [흑청],https://image.msscdn.net/thumbnails/images/goods_img/20250122/4737060/4737060_17376131709574_big.jpg?w=780
하의,남성,여름,크림소다랩,와이드 데미지 워시드 데님 팬츠 블루,https://image.msscdn.net/thumbnails/images/goods_img/20240827/4374990/4374990_17272433480865_big.jpg?w=780
하의,남성,여름,커넥트킨록,루즈 스트레이트 데님팬츠 (블루),https://image.msscdn.net/thumbnails/images/goods_img/20240512/4123714/4123714_17164223736582_big.jpg?w=780
하의,남성,여름,낫포너드,Ripstop Flare Fit Cargo Pants - Camo Beige,https://image.msscdn.net/thumbnails/images/goods_img/20241128/4640998/4640998_17337043580568_big.jpg?w=780
하의,남성,여름,밀로 아카이브,리플렉트 커브드 팬츠 [오일 블루],https://image.msscdn.net/thumbnails/images/goods_img/20240125/3824116/3824116_17078213544948_big.jpg?w=780
하의,남성,여름,디스펑트,Nus Wide One Tuck Denim Pants,https://image.msscdn.net/thumbnails/images/goods_img/20230906/3534448/3534448_16951799724829_big.jpg?w=780
하의,남성,여름,커스텀어클락,파라슈트 CP코튼 팬츠 6 COLOR COOSPT216,https://image.msscdn.net/thumbnails/images/goods_img/20240123/3816971/3816971_17171269815673_big.jpg?w=780
하의,남성,여름,테이크이지,베이직 코튼 와이드 팬츠(베이지),https://image.msscdn.net/thumbnails/images/goods_img/20240306/3926670/3926670_17104007633737_big.jpg?w=780
하의,남성,여름,수아레,데일리 스트레이트 핏 데님 팬츠 - 3 COLOR,https://image.msscdn.net/thumbnails/images/goods_img/20240227/3903979/3903979_17170575507052_big.jpg?w=780
하의,남성,여름,디미트리블랙,원턱 에센셜 PARACHUTE 팬츠_블랙,https://image.msscdn.net/thumbnails/images/goods_img/20230816/3469211/3469211_17171355159378_big.jpg?w=780
하의,남성,여름,누디진,그림팀 Dry Twill 113507,https://image.msscdn.net/thumbnails/images/goods_img/20240424/4083533/4083533_17139480298247_big.jpg?w=780
하의,남성,여름,리메인세컨드,내추럴 워싱 와이드 데님 팬츠 [중청],https://image.msscdn.net/thumbnails/images/goods_img/20240725/4274023/4274023_17337123336151_big.jpg?w=780
하의,남성,여름,테이크이지,벌룬 와이드핏 데님팬츠 (옐로우블루),https://image.msscdn.net/thumbnails/images/goods_img/20240910/4424071/4424071_17294932335219_big.jpg?w=780
하의,남성,여름,지크립,코튼 투턱 와이드핏 밴딩 팬츠,https://image.msscdn.net/thumbnails/images/goods_img/20241002/4479730/4479730_17278288741765_big.jpg?w=780
하의,남성,여름,더그린랩,오버핏 우븐 조거팬츠 [블랙],https://image.msscdn.net/thumbnails/images/goods_img/20231107/3692875/3692875_16994304715083_big.jpg?w=780
하의,남성,여름,트릴리온,바이오스톤 워싱 와이드 데님 팬츠 (BEIGE BLUE),https://image.msscdn.net/thumbnails/images/goods_img/20220809/2706287/2706287_1_big.jpg?w=780
하의,남성,여름,펀치라인,캘리 스톤 피그먼트 워싱팬츠 4종 브라운 ISLP6225,https://image.msscdn.net/thumbnails/images/goods_img/20231011/3617168/3617168_16969938335941_big.jpg?w=780
하의,남성,여름,디더블유에스 컴퍼니,워시드 벌룬 데님 와이드 팬츠(블랙),https://image.msscdn.net/thumbnails/images/goods_img/20250110/4711456/4711456_17370856500823_big.jpg?w=780
하의,남성,여름,밀로 아카이브,리플렉트 커브드 팬츠 [라이트 블루],https://image.msscdn.net/thumbnails/images/goods_img/20230430/3269846/3269846_16831216572728_big.jpg?w=780
하의,남성,여름,토피,코튼 밴딩 와이드 팬츠 (BLACK),https://image.msscdn.net/thumbnails/images/goods_img/20230224/3107295/3107295_16786966971818_big.jpg?w=780
하의,남성,여름,바운더리,원턱 와이드 스웨트 벌룬 팬츠 [Gray],https://image.msscdn.net/thumbnails/images/goods_img/20221027/2896768/2896768_17042600805297_big.jpg?w=780
하의,남성,여름,피인오,9130  원턱 세미와이드 슬랙스-베이지,https://image.msscdn.net/thumbnails/images/goods_img/20240924/4459999/4459999_17273285106964_big.jpg?w=780
하의,남성,여름,가까이 유니언즈,더블 포스타 벌룬 팬츠 버건디,https://image.msscdn.net/thumbnails/images/goods_img/20241104/4586020/4586020_17307255525697_big.jpg?w=780
하의,남성,여름,수아레,린넨 라이크 원턱 팬츠 - 4 COLOR,https://image.msscdn.net/thumbnails/images/goods_img/20240521/4145171/4145171_17165279231665_big.jpg?w=780
하의,남성,여름,브렌슨,(Renew Ver.) 와이드 스웨트 팬츠 ( 5Color ) ( 기모선택 ),https://image.msscdn.net/thumbnails/images/goods_img/20210105/1736085/1736085_17292148923657_big.jpg?w=780
하의,남성,여름,어널러코드,사계절 쓰리턱 트레이닝팬츠 (2color),https://image.msscdn.net/thumbnails/images/goods_img/20220825/2744549/2744549_1_big.jpg?w=780
하의,남성,여름,노스페이스,NP6NQ11A 남성 올 라운드 카고 팬츠,https://image.msscdn.net/thumbnails/images/goods_img/20240118/3805502/3805502_17055594415890_big.jpg?w=780
하의,남성,여름,더마일,CN 카고 벌룬 팬츠 [Khaki Brown],https://image.msscdn.net/thumbnails/images/goods_img/20240927/4471713/4471713_17274136211427_big.jpg?w=780
하의,남성,여름,피지컬가먼츠,P2304 이지 원턱 와이드팬츠 [5 COLOR],https://image.msscdn.net/thumbnails/images/goods_img/20230914/3560175/3560175_17062543937808_big.jpg?w=780
하의,남성,여름,다이브인,LOOSED WIDE DENIM PANTS (BEIGE),https://image.msscdn.net/thumbnails/images/goods_img/20241209/4656140/4656140_17337253737631_big.jpg?w=780
하의,남성,여름,유니온스튜디오,원턱 와이드 밴딩 슬랙스 ( 2Color ),https://image.msscdn.net/thumbnails/images/goods_img/20240327/3996995/3996995_17161736913707_big.jpg?w=780
하의,남성,여름,바운더리,클래식 로고 사이드턱 와이드 스웨트 팬츠 [브라운],https://image.msscdn.net/thumbnails/images/goods_img/20250120/4730831/4730831_17385606974313_big.jpg?w=780
하의,남성,여름,지크립,핀턱 벌룬핏 와이드 데님팬츠 (Dark Blue),https://image.msscdn.net/thumbnails/images/goods_img/20250107/4702166/4702166_17391449434723_big.jpg?w=780
하의,남성,여름,플렉서블,STANDARD DENIM PANTS NATURAL,https://image.msscdn.net/thumbnails/images/goods_img/20240227/3907171/3907171_17120211505524_big.jpg?w=780
하의,남성,여름,드네이지,와이드 코튼 카고 팬츠 블랙 0287,https://image.msscdn.net/thumbnails/images/goods_img/20240319/3969188/3969188_17108434798922_big.jpg?w=780
하의,남성,여름,미니멀프로젝트,사이드 라인 윈터 트레이닝 팬츠 MTP122 [NAVY],https://image.msscdn.net/thumbnails/images/goods_img/20240424/4080888/4080888_17345056770021_big.jpg?w=780
하의,남성,여름,비얼디드키드,코튼 실루엣 팬츠 베이지,https://image.msscdn.net/thumbnails/images/goods_img/20211214/2268307/2268307_17083065304824_big.jpg?w=780
하의,남성,여름,플랙,스티즈 K81 미드 블루,https://image.msscdn.net/thumbnails/images/goods_img/20220719/2671295/2671295_3_big.jpg?w=780
하의,남성,여름,트릴리온,캣 브러쉬 워시드 버뮤다 데님 쇼츠 (SAND BLUE),https://image.msscdn.net/thumbnails/images/goods_img/20240507/4111294/4111294_17153273022925_big.jpg?w=780
하의,남성,여름,에스릿 스튜디오,스테디 라이트 아노락 반바지,https://image.msscdn.net/thumbnails/images/goods_img/20240913/4438666/4438666_17261739778494_big.jpg?w=780
하의,남성,여름,드러그 프로덕트,"NYLON VELCRO PANTS, BLACK",https://image.msscdn.net/thumbnails/images/goods_img/20240410/4042381/4042381_17337277431004_big.jpg?w=780
하의,남성,여름,레이지비,파라슈트 남성 조거 팬츠 와이드 루즈핏 스트링 긴바지(5컬러),https://image.msscdn.net/thumbnails/images/goods_img/20240103/3772971/3772971_17140366532796_big.jpg?w=780
하의,남성,여름,무신사 스탠다드,립스탑 파라슈트 카고 팬츠 [블랙],https://image.msscdn.net/thumbnails/images/goods_img/20231215/3758251/3758251_17115991982126_big.jpg?w=780
하의,남성,여름,필루미네이트,나일론 투 턱 테이핑 팬츠-블랙,https://image.msscdn.net/thumbnails/images/goods_img/20240112/3792018/3792018_17150620287685_big.jpg?w=780
하의,남성,여름,키뮤어,(투턱 or 카고 선택) 버뮤다 하프 팬츠,https://image.msscdn.net/thumbnails/images/goods_img/20220324/2441851/2441851_17138609819460_big.jpg?w=780
하의,남성,여름,데이,벌룬핏 데님 시리즈_(3 STYLE),https://image.msscdn.net/thumbnails/images/goods_img/20240905/4411150/4411150_17316511891235_big.jpg?w=780
하의,남성,여름,데케트,Deep Pleats Wide Jeans DCPT030CPBrown,https://image.msscdn.net/thumbnails/images/goods_img/20240228/3911117/3911117_17097889171862_big.jpg?w=780
하의,남성,여름,크림소다랩,씨알에스디엘 피그먼트 블랙 벌룬 팬츠,https://image.msscdn.net/thumbnails/images/goods_img/20240509/4119558/4119558_17152483714546_big.jpg?w=780
하의,남성,여름,낫포너드,Brush NFND Logo String Sweat Pants - RED,https://image.msscdn.net/thumbnails/images/goods_img/20210915/2134433/2134433_4_big.jpg?w=780
하의,남성,여름,메이킷투,데일리 와이드 진 (WHITE),https://image.msscdn.net/thumbnails/images/goods_img/20220308/2403702/2403702_1_big.jpg?w=780
하의,남성,여름,에이지오디,밴딩 스트링 와이드 절개 코튼 팬츠 [베이지],https://image.msscdn.net/thumbnails/images/goods_img/20240523/4150257/4150257_17322363035513_big.jpg?w=780
하의,남성,여름,엔피스튜디오,나일론 스트링 와이드 카고 팬츠 블랙,https://image.msscdn.net/thumbnails/images/goods_img/20230906/3533322/3533322_16939331335425_big.jpg?w=780
하의,남성,여름,코프위,[현킴 X 코프위]시밀롱 데님 팬츠 연청,https://image.msscdn.net/thumbnails/images/goods_img/20240731/4284705/4284705_17235184819254_big.jpg?w=780
하의,남성,여름,피인오,952 워싱 와이드 데님팬츠,https://image.msscdn.net/thumbnails/images/goods_img/20240924/4457043/4457043_17273261753982_big.jpg?w=780
하의,남성,여름,엑스트라오디너리,DOUBLE KNEE EFFECT DENIM PANTS  BLACK,https://image.msscdn.net/thumbnails/images/goods_img/20240206/3851480/3851480_17078153365965_big.jpg?w=780
하의,남성,여름,토피,워시드 하프 데님 팬츠 (LIGHT BLUE),https://image.msscdn.net/thumbnails/images/goods_img/20240430/4096885/4096885_17174697787559_big.jpg?w=780
하의,남성,여름,하프나인,이지 매치 와이드 데님 팬츠 청바지 G12BRD_HXV11308,https://image.msscdn.net/thumbnails/images/goods_img/20241224/4679462/4679462_17351740339877_big.jpg?w=780
하의,남성,여름,위캔더스,DRAGGY WORK PANTS (IVORY),https://image.msscdn.net/thumbnails/images/goods_img/20240202/3844551/3844551_17401000720805_big.jpg?w=780
하의,남성,여름,누디진,린딘  Dry Ecru Embo 112742,https://image.msscdn.net/thumbnails/images/goods_img/20240423/4078902/4078902_17158242028258_big.jpg?w=780
하의,남성,여름,에이지오디,원턱 카고 스웨트 팬츠 [블랙],https://image.msscdn.net/thumbnails/images/goods_img/20230816/3467621/3467621_17273988989345_big.jpg?w=780
하의,남성,여름,엠오오,커브드 라인 다트 벌룬 코튼 팬츠 - 블랙,https://image.msscdn.net/thumbnails/images/goods_img/20241016/4522682/4522682_17290638857740_big.jpg?w=780
하의,남성,여름,낫포너드,Wide String Cargo Slacks Pants - Ivory,https://image.msscdn.net/thumbnails/images/goods_img/20210826/2089214/2089214_4_big.jpg?w=780
하의,남성,여름,젠더스트,Pan Strap Wide Pants - 2COL,https://image.msscdn.net/thumbnails/images/goods_img/20240828/4378918/4378918_17267404323964_big.jpg?w=780
하의,남성,여름,프라이,릴렉스드 데님 팬츠(BLACK),https://image.msscdn.net/thumbnails/images/goods_img/20240626/4220857/4220857_17297373343615_big.jpg?w=780
하의,남성,여름,척,빈티지 워싱 데님 팬츠 (스카이 블루),https://image.msscdn.net/thumbnails/images/goods_img/20240603/4171182/4171182_17173665053019_big.jpg?w=780
하의,남성,여름,아크시,루즈 워시드 벌룬핏 와이드 데님 팬츠 유니섹스 (그레이),https://image.msscdn.net/thumbnails/images/goods_img/20250102/4693456/4693456_17367323064542_big.jpg?w=780
하의,남성,여름,컨셉타이드,이지 원 턱 와이드 데님 팬츠_Light Blue,https://image.msscdn.net/thumbnails/images/goods_img/20240704/4233828/4233828_17200790779374_big.png?w=780
하의,남성,여름,필루미네이트,핀 턱 테이핑 트레이닝 팬츠-네이비,https://image.msscdn.net/thumbnails/images/goods_img/20241020/4536874/4536874_17315099261906_big.jpg?w=780
하의,남성,여름,엔피스튜디오,커브드 투턱 와이드 코튼 팬츠 크림화이트,https://image.msscdn.net/thumbnails/images/goods_img/20230906/3533226/3533226_16941714038419_big.jpg?w=780
하의,남성,여름,어반에이지,Waterproof 원턱 카고 파라슈트 와이드 팬츠_블랙,https://image.msscdn.net/thumbnails/images/goods_img/20240322/3983035/3983035_17340528122971_big.jpg?w=780
하의,남성,여름,누빈다,와이드 스트링 스웨트팬츠 [블랙],https://image.msscdn.net/thumbnails/images/goods_img/20240902/4393776/4393776_17386352006626_big.jpg?w=780
하의,남성,여름,무신사 스탠다드,시티 레저 CN 와이드 벨티드 파라슈트 팬츠 [블랙],https://image.msscdn.net/thumbnails/images/goods_img/20230712/3404705/3404705_17134029927665_big.jpg?w=780
하의,남성,여름,디앤에스알,시그니처 플레어 데님 팬츠 블루,https://image.msscdn.net/thumbnails/images/goods_img/20240510/4120879/4120879_17261236323879_big.jpg?w=780
하의,남성,여름,언탭트 스튜디오,바이오 워싱 와이드 청바지 데님 팬츠 6 COLOR,https://image.msscdn.net/thumbnails/images/goods_img/20240207/3856803/3856803_17183574955551_big.jpg?w=780
하의,남성,여름,커스텀어클락,파라슈트 나일론 팬츠 3 COLOR COOSPT218,https://image.msscdn.net/thumbnails/images/goods_img/20240123/3816969/3816969_17171269551060_big.jpg?w=780
하의,남성,여름,아이돈워너셀,Soft Suede Twill Balloon Pants,https://image.msscdn.net/thumbnails/images/goods_img/20241113/4613450/4613450_17322612728135_big.jpg?w=780
하의,남성,여름,투에프로우,[2PACK] 사이드 핀턱 트랙 팬츠 - 3컬러,https://image.msscdn.net/thumbnails/images/goods_img/20241025/4561241/4561241_17316087910235_big.jpg?w=780
하의,남성,여름,사운즈라이프,Steady Balloon Snap Pants Black,https://image.msscdn.net/thumbnails/images/goods_img/20210225/1816104/1816104_16871592612108_big.jpg?w=780
하의,남성,여름,리메인세컨드,와이드 빅포켓 파라슈트 밴딩 카고 팬츠 [베이지],https://image.msscdn.net/thumbnails/images/goods_img/20240725/4274063/4274063_17282665584207_big.jpg?w=780
하의,남성,여름,컨셉타이드,나일론 스트링 이지 팬츠_Gray,https://image.msscdn.net/thumbnails/images/goods_img/20240704/4233336/4233336_17200744115905_big.png?w=780
하의,남성,여름,토피,브러쉬드 부츠컷 데님 팬츠 (INDIGO),https://image.msscdn.net/thumbnails/images/goods_img/20250103/4697633/4697633_17363011759120_big.jpg?w=780
하의,남성,여름,웨스트 그랜드 블러바드,레져 세미와이드 슬라브 코튼 치노 팬츠 BEIGE,https://image.msscdn.net/thumbnails/images/goods_img/20240202/3843030/3843030_17097753580526_big.jpg?w=780
하의,남성,여름,무센트,[무료반품] 핀턱 코튼 와이드 팬츠 (7컬러),https://image.msscdn.net/thumbnails/images/goods_img/20240313/3949260/3949260_17109259602789_big.jpg?w=780
하의,남성,여름,엔피스튜디오,파라슈트 오버 와이드 스트링 팬츠 블랙,https://image.msscdn.net/thumbnails/images/goods_img/20230911/3549202/3549202_17089981855945_big.jpg?w=780
하의,남성,여름,플랙,스티즈 P04 라이트 워시드,https://image.msscdn.net/thumbnails/images/goods_img/20210126/1763286/1763286_2_big.jpg?w=780
하의,남성,여름,페이더먼트,[2PACK] 웨이브턱 벌룬 와이드 팬츠,https://image.msscdn.net/thumbnails/images/goods_img/20241007/4492211/4492211_17282812687708_big.jpg?w=780
하의,남성,여름,플레어업,5.cargo Flare Pants (FL-234_Black),https://image.msscdn.net/thumbnails/images/goods_img/20231101/3674712/3674712_16989734172372_big.jpg?w=780
하의,남성,여름,에이지오디,와이드 워싱카고쇼츠 [베이지],https://image.msscdn.net/thumbnails/images/goods_img/20240607/4182664/4182664_17243793604434_big.jpg?w=780
하의,남성,여름,트릴리온,에센셜 세미 와이드 슬랙스 (BLACK),https://image.msscdn.net/thumbnails/images/goods_img/20231023/3650955/3650955_17170489046898_big.jpg?w=780
하의,남성,여름,시그니처,크로스턱 와이드 슬랙스[카키베이지],https://image.msscdn.net/thumbnails/images/goods_img/20230418/3244221/3244221_16825854162205_big.jpg?w=780
하의,남성,여름,웨스트 그랜드 블러바드,세미와이드 생지 데님 팬츠 INDIGO,https://image.msscdn.net/thumbnails/images/goods_img/20230818/3475071/3475071_16928485408728_big.jpg?w=780
하의,남성,여름,필립페이커,카펜터 버뮤다 스웨트 8부 팬츠 블랙,https://image.msscdn.net/thumbnails/images/goods_img/20230830/3513309/3513309_16934722502141_big.jpg?w=780
하의,남성,여름,척,빈티지 워싱 데님 팬츠 (다크 그레이),https://image.msscdn.net/thumbnails/images/goods_img/20220815/2716772/2716772_16829868965670_big.jpg?w=780
하의,남성,여름,필루미네이트,사이드 트랙 데님 팬츠-인디고,https://image.msscdn.net/thumbnails/images/goods_img/20241020/4536880/4536880_17316503155745_big.jpg?w=780
하의,남성,여름,발데블랑코,와이드 원턱 트레이닝 롱팬츠,https://image.msscdn.net/thumbnails/images/goods_img/20240531/4169522/4169522_17294943776432_big.jpg?w=780
하의,남성,여름,리메인세컨드,미니멀 테이퍼드 히든 밴딩 슬랙스 [베이지],https://image.msscdn.net/thumbnails/images/goods_img/20240126/3826566/3826566_17125518318584_big.jpg?w=780
하의,남성,여름,앨빈클로,[DE LUXE] 스트레이트 코튼 밴딩 팬츠 DLX1305 (4 COLOR),https://image.msscdn.net/thumbnails/images/goods_img/20240311/3937686/3937686_17103106377225_big.jpg?w=780
하의,남성,여름,무센트,[무료반품] 시그니처 하트 레터링 백 로고 스웻 팬츠 남녀공용 (2컬러),https://image.msscdn.net/thumbnails/images/goods_img/20250212/4779712/4779712_17401208880315_big.jpg?w=780
하의,남성,여름,구빈,코튼 다트 카고팬츠,https://image.msscdn.net/thumbnails/images/goods_img/20241122/4632069/4632069_17322565150421_big.jpg?w=780
하의,남성,여름,언탭트 스튜디오,더블 투턱 와이드 슬랙스 3Color,https://image.msscdn.net/thumbnails/images/goods_img/20240808/4308257/4308257_17235312902146_big.jpg?w=780
하의,남성,여름,리메인세컨드,빈티지 캣워싱 와이드 데님 팬츠 [샌드 블루],https://image.msscdn.net/thumbnails/images/goods_img/20240725/4274045/4274045_17358828535067_big.jpg?w=780
하의,남성,여름,아캄,Leopard Pattern Cotton Pants (Purple),https://image.msscdn.net/thumbnails/images/goods_img/20241030/4575654/4575654_17302799509123_big.jpg?w=780
하의,남성,여름,트릴리온,블랙 스프레이 카모 파라슈트 카고 팬츠 (GRAY),https://image.msscdn.net/thumbnails/images/goods_img/20240416/4060479/4060479_17135103237631_big.jpg?w=780
하의,남성,여름,토피,투턱 코튼 벌룬 밴딩 팬츠 (BEIGE),https://image.msscdn.net/thumbnails/images/goods_img/20220812/2715257/2715257_1_big.jpg?w=780
하의,남성,여름,커스텀어클락,코튼 워시드 와이드 팬츠 애쉬브라운 COOSPT243ASHBROWN,https://image.msscdn.net/thumbnails/images/goods_img/20250204/4757521/4757521_17392467692238_big.jpg?w=780
하의,남성,여름,트래드클럽,투턱 와이드 슬랙스,https://image.msscdn.net/thumbnails/images/goods_img/20230425/3260690/3260690_17120370146375_big.jpg?w=780
하의,남성,여름,갈렉스,액티브 풋볼 9부 팬츠 블랙 GA4750 BK,https://image.msscdn.net/thumbnails/images/goods_img/20241021/4540153/4540153_17295575673408_big.jpg?w=780
하의,남성,여름,디더블유에스 컴퍼니,커브드 포켓 데님 와이드 팬츠(워시드 블루),https://image.msscdn.net/thumbnails/images/goods_img/20250110/4711455/4711455_17365019401095_big.jpg?w=780
하의,남성,여름,트릴리온,사이드 턱 스냅 버튼 와이드 데님 팬츠 (BEIGE BLUE),https://image.msscdn.net/thumbnails/images/goods_img/20230811/3461108/3461108_17151521395096_big.jpg?w=780
하의,남성,여름,다이브인,VERN WASHED PANTS (BEIGE),https://image.msscdn.net/thumbnails/images/goods_img/20240917/4441677/4441677_17321706313943_big.jpg?w=780
하의,남성,여름,굿라이프웍스,(기모옵션추가) 이지 와이드 데님 팬츠 그레이,https://image.msscdn.net/thumbnails/images/goods_img/20210826/2092852/2092852_17086532214128_big.jpg?w=780
하의,남성,여름,필로그램,셀비지 와이드 생지 데님 팬츠(Raw denim),https://image.msscdn.net/thumbnails/images/goods_img/20210829/2096185/2096185_16945929904689_big.jpg?w=780
하의,남성,여름,챔브로스,논페이드 와이드 데님팬츠[라이트 블루],https://image.msscdn.net/thumbnails/images/goods_img/20240716/4251558/4251558_17211049545164_big.jpg?w=780
하의,남성,여름,블랙모먼트,린넨 라이크 와이드 벌룬 핀턱 밴딩 팬츠,https://image.msscdn.net/thumbnails/images/goods_img/20230517/3300608/3300608_16883642248290_big.jpg?w=780
하의,남성,여름,웨스트 그랜드 블러바드,세미와이드 생지 데님 팬츠 BLACK INDIGO,https://image.msscdn.net/thumbnails/images/goods_img/20220729/2689416/2689416_16921642791647_big.jpg?w=780
하의,남성,여름,미스룰즈,러브 밤 슬랙스 팬츠,https://image.msscdn.net/thumbnails/images/goods_img/20240316/3960665/3960665_17260363153628_big.jpg?w=780
하의,남성,여름,언탭트 스튜디오,빈티지 프론트 워싱 와이드 청바지 데님 팬츠,https://image.msscdn.net/thumbnails/images/goods_img/20240529/4164429/4164429_17201609421486_big.jpg?w=780
하의,남성,여름,크림소다랩,씨알에스디엘 파라슈트 카고 밴딩 팬츠 블랙,https://image.msscdn.net/thumbnails/images/goods_img/20240507/4109782/4109782_17150646595553_big.jpg?w=780
하의,남성,여름,굿라이프웍스,투턱 와이드 슬랙스 브라운,https://image.msscdn.net/thumbnails/images/goods_img/20221020/2879795/2879795_17167986123187_big.jpg?w=780
하의,남성,여름,언리미트,Track Pants (U24DBPT474),https://image.msscdn.net/thumbnails/images/goods_img/20240816/4335497/4335497_17260405828650_big.jpg?w=780
하의,남성,여름,앵글런,Tin Denim Washing Balloon Pants - Blue Denim,https://image.msscdn.net/thumbnails/images/goods_img/20240311/3939931/3939931_17106491803506_big.jpg?w=780
하의,남성,여름,무신사 스탠다드,스트레이트 데님 슬랙스 [블랙],https://image.msscdn.net/thumbnails/images/goods_img/20240112/3793214/3793214_17097927611007_big.jpg?w=780
하의,남성,여름,인템포무드,유즈드 워시 버뮤다 팬츠 : 3컬러,https://image.msscdn.net/thumbnails/images/goods_img/20240513/4125944/4125944_17355420501344_big.jpg?w=780
하의,남성,여름,가까이 유니언즈,라인 스냅 스웨트팬츠 브라운,https://image.msscdn.net/thumbnails/images/goods_img/20240115/3796279/3796279_17064590922625_big.jpg?w=780
하의,남성,여름,더마일,CN PIECE DYDING BALLON PANTS [D.GREY],https://image.msscdn.net/thumbnails/images/goods_img/20231201/3741081/3741081_17085003206536_big.jpg?w=780
하의,남성,여름,라퍼,[PAT&MAT][논페이드] 데님 반바지 - 딥블루,https://image.msscdn.net/thumbnails/images/goods_img/20240303/3917772/3917772_17094760529688_big.jpg?w=780
하의,남성,여름,팬쇼,SYMBOL SNAP WIDE DOUBLE JERSEY PANTS - BLACK,https://image.msscdn.net/thumbnails/images/goods_img/20240812/4320984/4320984_17248642013113_big.jpg?w=780
하의,남성,여름,척,빈티지 워싱 데님 팬츠 (블루),https://image.msscdn.net/thumbnails/images/goods_img/20220815/2716778/2716778_16829873618723_big.jpg?w=780
하의,남성,여름,피지컬가먼츠,P4024 기능성 핀턱 와이드 팬츠 [블랙],https://image.msscdn.net/thumbnails/images/goods_img/20230302/3117101/3117101_16777362999567_big.jpg?w=780
하의,남성,여름,아이돈워너셀,Andy Twill Balloon Cargo Pants Brown,https://image.msscdn.net/thumbnails/images/goods_img/20241023/4549558/4549558_17310518465218_big.jpg?w=780
하의,남성,여름,데케트,Dawn Cropped Tapered Jeans DCPT001CPBlack,https://image.msscdn.net/thumbnails/images/goods_img/20230302/3116801/3116801_16778258270873_big.jpg?w=780
하의,남성,여름,디미트리블랙,VLAD 페이드 워싱 트랙 데님 팬츠_더스트 인디고,https://image.msscdn.net/thumbnails/images/goods_img/20250207/4768174/4768174_17395077443942_big.jpg?w=780
하의,남성,여름,디앤에스알,벨티드 스트라이프 슬랙스 블랙,https://image.msscdn.net/thumbnails/images/goods_img/20250214/4790232/4790232_17398584648288_big.jpg?w=780
하의,남성,여름,컨셉타이드,나일론 버뮤다 하프 워크 팬츠_Navy,https://image.msscdn.net/thumbnails/images/goods_img/20240704/4233169/4233169_17200733820421_big.png?w=780
